DeployID,Ptt,DepthSensor,Source,Instr,HistType,Date,Time Offset,Count,BadTherm,LocationQuality,Latitude,Longitude,NumBins,Sum,Bin1,Bin2,Bin3,Bin4,Bin5,Bin6,Bin7,Bin8,Bin9,Bin10,Bin11,Bin12,Bin13,Bin14,Bin15,Bin16,Bin17,Bin18,Bin19,Bin20,Bin21,Bin22,Bin23,Bin24,Bin25,Bin26,Bin27,Bin28,Bin29,Bin30,Bin31,Bin32,Bin33,Bin34,Bin35,Bin36,Bin37,Bin38,Bin39,Bin40,Bin41,Bin42,Bin43,Bin44,Bin45,Bin46,Bin47,Bin48,Bin49,Bin50,Bin51,Bin52,Bin53,Bin54,Bin55,Bin56,Bin57,Bin58,Bin59,Bin60,Bin61,Bin62,Bin63,Bin64,Bin65,Bin66,Bin67,Bin68,Bin69,Bin70,Bin71,Bin72
PV2015_1016_14A0808,143987,0.500000,Transmission,Mk10,Percent,00:00:00 12-Sep-2015,2.000000,4,,,,,24,,10,20,10,90,100,100,100,100,100,100,100,100,100,100,100,100,100,100,100,100,100,100,100,100,,,,,,,,,,,,,,,,,,,,,,,,,,,,,,,,,,,,,,,,,,,,,,,,
PV2015_1016_14A0808,143987,0.500000,Transmission,Mk10,Percent,00:00:00 13-Sep-2015,2.000000,4,,,,,24,,100,100,100,100,100,100,100,100,70,10,10,10,10,10,20,20,10,3,10,10,10,10,10,20,,,,,,,,,,,,,,,,,,,,,,,,,,,,,,,,,,,,,,,,,,,,,,,,
PV2015_1016_14A0808,143987,0.500000,Transmission,Mk10,Percent,00:00:00 14-Sep-2015,2.000000,4,,,,,24,,100,100,100,100,100,100,100,100,100,98,10,3,10,10,10,10,10,10,10,10,10,10,10,40,,,,,,,,,,,,,,,,,,,,,,,,,,,,,,,,,,,,,,,,,,,,,,,,
PV2015_1016_14A0808,143987,0.500000,Transmission,Mk10,Percent,00:00:00 15-Sep-2015,2.000000,1,,,,,24,,100,100,100,100,100,100,100,100,100,100,90,10,10,10,10,30,3,10,10,30,20,20,10,10,,,,,,,,,,,,,,,,,,,,,,,,,,,,,,,,,,,,,,,,,,,,,,,,
PV2015_1016_14A0808,143987,0.500000,Transmission,Mk10,Percent,00:00:00 16-Sep-2015,2.000000,5,,,,,24,,10,10,10,20,90,100,100,100,100,100,100,100,100,50,10,50,100,100,100,100,100,100,100,100,,,,,,,,,,,,,,,,,,,,,,,,,,,,,,,,,,,,,,,,,,,,,,,,
PV2015_1016_14A0808,143987,0.500000,Transmission,Mk10,Percent,00:00:00 17-Sep-2015,2.000000,4,,,,,24,,100,100,100,100,100,100,100,90,10,10,10,10,20,20,10,10,30,50,10,10,10,80,100,100,,,,,,,,,,,,,,,,,,,,,,,,,,,,,,,,,,,,,,,,,,,,,,,,
PV2015_1016_14A0808,143987,0.500000,Transmission,Mk10,Percent,00:00:00 18-Sep-2015,2.000000,3,,,,,24,,100,100,100,100,100,100,100,100,20,40,90,20,10,3,10,10,20,20,20,10,20,20,20,10,,,,,,,,,,,,,,,,,,,,,,,,,,,,,,,,,,,,,,,,,,,,,,,,
PV2015_1016_14A0808,143987,0.500000,Transmission,Mk10,Percent,00:00:00 19-Sep-2015,2.000000,3,,,,,24,,3,80,100,100,100,100,100,100,100,100,100,100,50,3,10,10,20,20,3,10,60,100,100,100,,,,,,,,,,,,,,,,,,,,,,,,,,,,,,,,,,,,,,,,,,,,,,,,
PV2015_1016_14A0808,143987,0.500000,Transmission,Mk10,Percent,00:00:00 20-Sep-2015,2.000000,9,,,,,24,,100,100,100,100,100,100,100,100,90,20,3,10,10,20,30,20,30,60,100,100,100,100,100,100,,,,,,,,,,,,,,,,,,,,,,,,,,,,,,,,,,,,,,,,,,,,,,,,
PV2015_1016_14A0808,143987,0.500000,Transmission,Mk10,Percent,00:00:00 21-Sep-2015,2.000000,8,,,,,24,,100,100,100,100,100,100,60,10,10,3,3,10,10,10,3,10,30,20,20,10,10,10,10,10,,,,,,,,,,,,,,,,,,,,,,,,,,,,,,,,,,,,,,,,,,,,,,,,
PV2015_1016_14A0808,143987,0.500000,Transmission,Mk10,Percent,00:00:00 22-Sep-2015,2.000000,6,,,,,24,,10,60,20,10,10,10,30,40,30,3,20,10,3,10,30,20,20,10,10,10,10,10,20,10,,,,,,,,,,,,,,,,,,,,,,,,,,,,,,,,,,,,,,,,,,,,,,,,
PV2015_1016_14A0808,143987,0.500000,Transmission,Mk10,Percent,00:00:00 23-Sep-2015,2.000000,6,,,,,24,,10,20,10,30,10,10,3,10,10,30,80,60,10,10,10,10,10,10,10,10,10,50,98,100,,,,,,,,,,,,,,,,,,,,,,,,,,,,,,,,,,,,,,,,,,,,,,,,
PV2015_1016_14A0808,143987,0.500000,Transmission,Mk10,Percent,00:00:00 24-Sep-2015,2.000000,2,,,,,24,,98,100,100,100,100,100,98,98,98,100,30,3,10,10,10,10,10,20,20,30,20,20,20,10,,,,,,,,,,,,,,,,,,,,,,,,,,,,,,,,,,,,,,,,,,,,,,,,
PV2015_1016_14A0808,143987,0.500000,Transmission,Mk10,Percent,00:00:00 25-Sep-2015,2.000000,4,,,,,24,,10,10,10,20,30,20,20,10,10,10,10,20,40,3,10,10,10,50,100,60,30,30,20,10,,,,,,,,,,,,,,,,,,,,,,,,,,,,,,,,,,,,,,,,,,,,,,,,
PV2015_1016_14A0808,143987,0.500000,Transmission,Mk10,Percent,00:00:00 26-Sep-2015,2.000000,3,,,,,24,,10,10,10,10,20,10,20,40,30,10,10,40,20,10,10,10,20,98,98,30,20,20,10,10,,,,,,,,,,,,,,,,,,,,,,,,,,,,,,,,,,,,,,,,,,,,,,,,
PV2015_1016_14A0808,143987,0.500000,Transmission,Mk10,Percent,00:00:00 27-Sep-2015,2.000000,3,,,,,24,,10,30,70,80,100,100,50,60,40,10,3,10,3,3,10,3,10,10,10,20,20,30,30,20,,,,,,,,,,,,,,,,,,,,,,,,,,,,,,,,,,,,,,,,,,,,,,,,
PV2015_1016_14A0808,143987,0.500000,Transmission,Mk10,Percent,00:00:00 28-Sep-2015,2.000000,2,,,,,24,,20,30,20,10,3,60,100,98,20,3,3,3,10,3,10,3,10,80,100,100,100,100,20,10,,,,,,,,,,,,,,,,,,,,,,,,,,,,,,,,,,,,,,,,,,,,,,,,
PV2015_1016_14A0808,143987,0.500000,Transmission,Mk10,Percent,00:00:00 29-Sep-2015,2.000000,7,,,,,24,,10,10,3,3,3,10,3,10,10,10,10,20,10,10,10,20,70,20,10,10,10,10,40,98,,,,,,,,,,,,,,,,,,,,,,,,,,,,,,,,,,,,,,,,,,,,,,,,
PV2015_1016_14A0808,143987,0.500000,Transmission,Mk10,Percent,00:00:00 30-Sep-2015,2.000000,6,,,,,24,,100,100,100,100,100,100,80,10,10,3,10,10,10,10,10,3,70,10,10,20,10,10,10,20,,,,,,,,,,,,,,,,,,,,,,,,,,,,,,,,,,,,,,,,,,,,,,,,
PV2015_1016_14A0808,143987,0.500000,Transmission,Mk10,Percent,00:00:00 01-Oct-2015,2.000000,1,,,,,24,,90,100,100,100,100,100,100,100,100,100,100,98,50,10,10,20,10,10,30,20,10,10,10,10,,,,,,,,,,,,,,,,,,,,,,,,,,,,,,,,,,,,,,,,,,,,,,,,
PV2015_1016_14A0808,143987,0.500000,Transmission,Mk10,Percent,00:00:00 02-Oct-2015,2.000000,5,,,,,24,,3,3,10,10,10,10,10,10,10,10,10,10,3,10,10,10,10,10,10,10,10,10,10,10,,,,,,,,,,,,,,,,,,,,,,,,,,,,,,,,,,,,,,,,,,,,,,,,
PV2015_1016_14A0808,143987,0.500000,Transmission,Mk10,Percent,00:00:00 03-Oct-2015,2.000000,2,,,,,24,,10,10,20,20,10,50,20,3,10,3,10,10,10,10,10,10,10,10,10,10,10,10,80,100,,,,,,,,,,,,,,,,,,,,,,,,,,,,,,,,,,,,,,,,,,,,,,,,
PV2015_1016_14A0808,143987,0.500000,Transmission,Mk10,Percent,00:00:00 04-Oct-2015,2.000000,6,,,,,24,,100,100,100,100,100,100,100,100,100,60,10,10,10,10,20,90,60,100,100,100,100,100,100,100,,,,,,,,,,,,,,,,,,,,,,,,,,,,,,,,,,,,,,,,,,,,,,,,
PV2015_1016_14A0808,143987,0.500000,Transmission,Mk10,Percent,00:00:00 05-Oct-2015,2.000000,2,,,,,24,,100,100,100,100,50,10,3,3,10,10,10,3,3,3,3,10,10,10,10,10,20,10,10,50,,,,,,,,,,,,,,,,,,,,,,,,,,,,,,,,,,,,,,,,,,,,,,,,
PV2015_1016_14A0808,143987,0.500000,Transmission,Mk10,Percent,00:00:00 07-Oct-2015,2.000000,7,,,,,24,,100,100,100,100,100,100,50,10,10,10,3,10,10,10,10,10,10,20,20,20,20,10,10,10,,,,,,,,,,,,,,,,,,,,,,,,,,,,,,,,,,,,,,,,,,,,,,,,
PV2015_1016_14A0808,143987,0.500000,Transmission,Mk10,Percent,00:00:00 08-Oct-2015,2.000000,6,,,,,24,,40,100,100,100,100,100,100,100,100,70,10,10,10,10,10,3,10,10,10,20,10,10,30,100,,,,,,,,,,,,,,,,,,,,,,,,,,,,,,,,,,,,,,,,,,,,,,,,
PV2015_1016_14A0808,143987,0.500000,Transmission,Mk10,Percent,00:00:00 09-Oct-2015,2.000000,2,,,,,24,,100,100,100,100,100,90,10,10,10,3,10,10,3,10,3,3,10,10,10,10,10,3,3,3,,,,,,,,,,,,,,,,,,,,,,,,,,,,,,,,,,,,,,,,,,,,,,,,
PV2015_1016_14A0808,143987,0.500000,Transmission,Mk10,Percent,00:00:00 10-Oct-2015,2.000000,7,,,,,24,,20,20,10,10,10,10,40,100,60,20,20,70,30,10,20,20,20,20,20,10,10,20,10,10,,,,,,,,,,,,,,,,,,,,,,,,,,,,,,,,,,,,,,,,,,,,,,,,
PV2015_1016_14A0808,143987,0.500000,Transmission,Mk10,Percent,00:00:00 11-Oct-2015,2.000000,9,,,,,24,,10,10,10,10,20,3,3,10,3,10,3,3,3,10,20,40,3,10,10,10,10,10,50,100,,,,,,,,,,,,,,,,,,,,,,,,,,,,,,,,,,,,,,,,,,,,,,,,
PV2015_1016_14A0808,143987,0.500000,Transmission,Mk10,Percent,00:00:00 12-Oct-2015,2.000000,6,,,,,24,,100,100,100,100,100,98,40,20,10,10,3,10,3,3,10,10,10,3,10,10,10,10,10,10,,,,,,,,,,,,,,,,,,,,,,,,,,,,,,,,,,,,,,,,,,,,,,,,
PV2015_1016_14A0808,143987,0.500000,Transmission,Mk10,Percent,00:00:00 13-Oct-2015,2.000000,1,,,,,24,,10,10,10,10,10,70,100,100,70,20,10,10,10,10,10,10,10,20,40,90,100,70,20,10,,,,,,,,,,,,,,,,,,,,,,,,,,,,,,,,,,,,,,,,,,,,,,,,
PV2015_1016_14A0808,143987,0.500000,Transmission,Mk10,Percent,00:00:00 14-Oct-2015,2.000000,4,,,,,24,,10,10,10,10,20,10,10,3,3,10,10,10,10,10,10,3,10,3,3,10,3,10,3,3,,,,,,,,,,,,,,,,,,,,,,,,,,,,,,,,,,,,,,,,,,,,,,,,
PV2015_1016_14A0808,143987,0.500000,Transmission,Mk10,Percent,00:00:00 15-Oct-2015,2.000000,7,,,,,24,,3,10,3,3,10,3,10,10,10,10,10,20,20,10,10,50,30,20,20,10,20,10,20,98,,,,,,,,,,,,,,,,,,,,,,,,,,,,,,,,,,,,,,,,,,,,,,,,
PV2015_1016_14A0808,143987,0.500000,Transmission,Mk10,Percent,00:00:00 17-Oct-2015,2.000000,4,,,,,24,,10,10,40,40,70,90,30,10,10,10,10,10,3,30,100,98,60,30,10,10,10,100,100,100,,,,,,,,,,,,,,,,,,,,,,,,,,,,,,,,,,,,,,,,,,,,,,,,
PV2015_1016_14A0808,143987,0.500000,Transmission,Mk10,Percent,00:00:00 18-Oct-2015,2.000000,3,,,,,24,,100,100,100,100,100,100,100,100,98,10,10,10,10,10,10,10,10,10,10,10,20,10,10,10,,,,,,,,,,,,,,,,,,,,,,,,,,,,,,,,,,,,,,,,,,,,,,,,
PV2015_1016_14A0808,143987,0.500000,Transmission,Mk10,Percent,00:00:00 19-Oct-2015,2.000000,3,,,,,24,,10,10,10,3,10,10,3,10,3,3,10,10,10,10,20,90,20,3,10,10,10,3,10,10,,,,,,,,,,,,,,,,,,,,,,,,,,,,,,,,,,,,,,,,,,,,,,,,
PV2015_1016_14A0808,143987,0.500000,Transmission,Mk10,Percent,00:00:00 20-Oct-2015,2.000000,2,,,,,24,,10,30,30,40,100,100,50,3,3,3,10,3,3,10,3,3,3,10,10,10,3,10,10,10,,,,,,,,,,,,,,,,,,,,,,,,,,,,,,,,,,,,,,,,,,,,,,,,
PV2015_1016_14A0808,143987,0.500000,Transmission,Mk10,Percent,00:00:00 21-Oct-2015,2.000000,3,,,,,24,,10,30,98,100,100,100,40,10,10,20,20,10,20,3,3,10,10,3,3,10,10,10,30,30,,,,,,,,,,,,,,,,,,,,,,,,,,,,,,,,,,,,,,,,,,,,,,,,
PV2015_1016_14A0808,143987,0.500000,Transmission,Mk10,Percent,00:00:00 22-Oct-2015,2.000000,6,,,,,24,,20,20,20,10,10,10,10,3,10,10,10,10,10,10,20,10,20,10,10,10,10,10,10,10,,,,,,,,,,,,,,,,,,,,,,,,,,,,,,,,,,,,,,,,,,,,,,,,
PV2015_1016_14A0808,143987,0.500000,Transmission,Mk10,Percent,00:00:00 23-Oct-2015,2.000000,2,,,,,24,,10,10,10,10,10,10,10,10,10,10,10,10,10,3,10,10,10,10,3,10,10,10,10,10,,,,,,,,,,,,,,,,,,,,,,,,,,,,,,,,,,,,,,,,,,,,,,,,
PV2015_1016_14A0808,143987,0.500000,Transmission,Mk10,Percent,00:00:00 24-Oct-2015,2.000000,3,,,,,24,,10,10,10,10,10,10,3,10,10,10,10,10,10,10,10,10,10,10,10,20,100,40,10,10,,,,,,,,,,,,,,,,,,,,,,,,,,,,,,,,,,,,,,,,,,,,,,,,
PV2015_1016_14A0808,143987,0.500000,Transmission,Mk10,Percent,00:00:00 25-Oct-2015,2.000000,7,,,,,24,,10,10,10,10,10,10,3,3,3,10,10,10,10,10,10,10,20,20,20,20,30,30,20,40,,,,,,,,,,,,,,,,,,,,,,,,,,,,,,,,,,,,,,,,,,,,,,,,
PV2015_1016_14A0808,143987,0.500000,Transmission,Mk10,Percent,00:00:00 26-Oct-2015,3.000000,8,,,,,24,,60,10,10,10,30,40,10,3,3,3,10,3,3,10,10,3,10,60,100,100,100,100,100,100,,,,,,,,,,,,,,,,,,,,,,,,,,,,,,,,,,,,,,,,,,,,,,,,
PV2015_1016_14A0808,143987,0.500000,Transmission,Mk10,Percent,00:00:00 27-Oct-2015,3.000000,4,,,,,24,,100,100,70,10,10,3,3,3,10,3,10,10,10,10,10,3,10,80,100,100,100,100,100,50,,,,,,,,,,,,,,,,,,,,,,,,,,,,,,,,,,,,,,,,,,,,,,,,
PV2015_1016_14A0808,143987,0.500000,Transmission,Mk10,Percent,00:00:00 28-Oct-2015,3.000000,4,,,,,24,,20,10,10,10,10,10,10,10,10,10,10,10,3,3,10,10,10,10,10,10,10,10,3,3,,,,,,,,,,,,,,,,,,,,,,,,,,,,,,,,,,,,,,,,,,,,,,,,
PV2015_1016_14A0808,143987,0.500000,Transmission,Mk10,Percent,00:00:00 30-Oct-2015,3.000000,5,,,,,24,,20,20,20,20,20,10,10,10,10,10,10,10,10,10,10,10,3,10,20,30,20,20,20,20,,,,,,,,,,,,,,,,,,,,,,,,,,,,,,,,,,,,,,,,,,,,,,,,
PV2015_1016_14A0808,143987,0.500000,Transmission,Mk10,Percent,00:00:00 31-Oct-2015,3.000000,3,,,,,24,,10,10,10,10,10,10,10,3,3,3,10,10,10,10,3,10,10,20,60,100,100,100,100,100,,,,,,,,,,,,,,,,,,,,,,,,,,,,,,,,,,,,,,,,,,,,,,,,
PV2015_1016_14A0808,143987,0.500000,Transmission,Mk10,Percent,00:00:00 02-Nov-2015,3.000000,5,,,,,24,,100,100,100,100,100,100,60,10,3,10,3,3,3,10,10,10,10,3,10,10,10,10,10,10,,,,,,,,,,,,,,,,,,,,,,,,,,,,,,,,,,,,,,,,,,,,,,,,
PV2015_1016_14A0808,143987,0.500000,Transmission,Mk10,Percent,00:00:00 03-Nov-2015,3.000000,5,,,,,24,,10,10,10,10,10,3,3,10,10,10,10,10,10,10,10,10,10,10,80,100,100,100,100,100,,,,,,,,,,,,,,,,,,,,,,,,,,,,,,,,,,,,,,,,,,,,,,,,
PV2015_1016_14A0808,143987,0.500000,Transmission,Mk10,Percent,00:00:00 04-Nov-2015,3.000000,4,,,,,24,,100,100,100,100,70,3,10,10,10,10,10,10,10,10,10,10,10,20,30,20,20,20,20,20,,,,,,,,,,,,,,,,,,,,,,,,,,,,,,,,,,,,,,,,,,,,,,,,
PV2015_1016_14A0808,143987,0.500000,Transmission,Mk10,Percent,00:00:00 05-Nov-2015,3.000000,2,,,,,24,,20,20,20,20,20,20,10,10,10,10,10,10,10,10,10,10,10,20,10,20,20,20,10,10,,,,,,,,,,,,,,,,,,,,,,,,,,,,,,,,,,,,,,,,,,,,,,,,
PV2015_1016_14A0808,143987,0.500000,Transmission,Mk10,Percent,00:00:00 06-Nov-2015,3.000000,3,,,,,24,,10,10,10,10,3,3,10,10,10,10,10,10,10,10,10,10,10,30,30,30,10,10,10,10,,,,,,,,,,,,,,,,,,,,,,,,,,,,,,,,,,,,,,,,,,,,,,,,
PV2015_1016_14A0808,143987,0.500000,Transmission,Mk10,Percent,00:00:00 07-Nov-2015,3.000000,1,,,,,24,,10,10,10,10,10,10,10,10,10,10,10,10,10,10,10,10,10,40,100,100,100,100,100,100,,,,,,,,,,,,,,,,,,,,,,,,,,,,,,,,,,,,,,,,,,,,,,,,
PV2015_1016_14A0808,143987,0.500000,Transmission,Mk10,Percent,00:00:00 08-Nov-2015,3.000000,2,,,,,24,,100,100,100,100,100,60,10,3,10,10,10,10,10,10,10,10,10,10,70,100,80,100,100,40,,,,,,,,,,,,,,,,,,,,,,,,,,,,,,,,,,,,,,,,,,,,,,,,
PV2015_1016_14A0808,143987,0.500000,Transmission,Mk10,Percent,00:00:00 09-Nov-2015,3.000000,1,,,,,24,,10,10,10,10,10,3,3,10,10,10,10,10,10,10,10,10,10,20,30,30,20,20,20,20,,,,,,,,,,,,,,,,,,,,,,,,,,,,,,,,,,,,,,,,,,,,,,,,
PV2015_1016_14A0808,143987,0.500000,Transmission,Mk10,Percent,00:00:00 10-Nov-2015,3.000000,3,,,,,24,,10,10,10,10,10,3,3,3,10,10,10,10,10,10,10,10,20,30,30,20,30,40,20,20,,,,,,,,,,,,,,,,,,,,,,,,,,,,,,,,,,,,,,,,,,,,,,,,
PV2015_1016_14A0808,143987,0.500000,Transmission,Mk10,Percent,00:00:00 11-Nov-2015,3.000000,4,,,,,24,,20,10,10,10,10,10,3,10,10,10,10,10,10,10,10,10,10,10,20,20,20,20,20,10,,,,,,,,,,,,,,,,,,,,,,,,,,,,,,,,,,,,,,,,,,,,,,,,
PV2015_1016_14A0808,143987,0.500000,Transmission,Mk10,Percent,00:00:00 12-Nov-2015,3.000000,4,,,,,24,,10,10,10,10,10,3,10,10,10,3,10,10,10,10,10,10,10,10,10,10,10,10,3,3,,,,,,,,,,,,,,,,,,,,,,,,,,,,,,,,,,,,,,,,,,,,,,,,
PV2015_1016_14A0808,143987,0.500000,Transmission,Mk10,Percent,00:00:00 13-Nov-2015,3.000000,2,,,,,24,,10,3,10,10,10,3,3,10,10,10,10,10,10,10,10,20,20,20,20,10,10,10,20,10,,,,,,,,,,,,,,,,,,,,,,,,,,,,,,,,,,,,,,,,,,,,,,,,
PV2015_1016_14A0808,143987,0.500000,Transmission,Mk10,Percent,00:00:00 14-Nov-2015,3.000000,5,,,,,24,,10,10,10,10,10,10,10,10,10,10,10,10,10,10,10,10,10,20,80,100,100,100,100,100,,,,,,,,,,,,,,,,,,,,,,,,,,,,,,,,,,,,,,,,,,,,,,,,
PV2015_1016_14A0808,143987,0.500000,Transmission,Mk10,Percent,00:00:00 15-Nov-2015,3.000000,4,,,,,24,,100,100,100,100,100,100,100,100,50,10,10,10,10,3,3,10,10,10,10,10,10,10,10,10,,,,,,,,,,,,,,,,,,,,,,,,,,,,,,,,,,,,,,,,,,,,,,,,
PV2015_1016_14A0808,143987,0.500000,Transmission,Mk10,Percent,00:00:00 16-Nov-2015,3.000000,2,,,,,24,,3,3,10,10,10,3,10,10,10,10,10,10,10,10,10,10,10,10,20,30,30,30,30,40,,,,,,,,,,,,,,,,,,,,,,,,,,,,,,,,,,,,,,,,,,,,,,,,
PV2015_1016_14A0808,143987,0.500000,Transmission,Mk10,Percent,00:00:00 17-Nov-2015,3.000000,3,,,,,24,,20,20,10,10,10,10,30,98,98,98,20,3,3,10,10,10,10,3,20,80,100,100,100,100,,,,,,,,,,,,,,,,,,,,,,,,,,,,,,,,,,,,,,,,,,,,,,,,
PV2015_1016_14A0808,143987,0.500000,Transmission,Mk10,Percent,00:00:00 18-Nov-2015,3.000000,5,,,,,24,,100,100,100,100,100,100,100,100,100,100,90,10,10,10,10,10,10,10,10,10,3,10,100,100,,,,,,,,,,,,,,,,,,,,,,,,,,,,,,,,,,,,,,,,,,,,,,,,
PV2015_1016_14A0808,143987,0.500000,Transmission,Mk10,Percent,00:00:00 19-Nov-2015,3.000000,4,,,,,24,,100,100,100,100,100,70,10,10,3,10,10,10,10,10,10,10,10,3,10,10,10,10,10,10,,,,,,,,,,,,,,,,,,,,,,,,,,,,,,,,,,,,,,,,,,,,,,,,
PV2015_1016_14A0808,143987,0.500000,Transmission,Mk10,Percent,00:00:00 20-Nov-2015,3.000000,1,,,,,24,,10,10,10,10,10,10,3,10,10,10,10,10,10,10,20,10,20,50,60,40,30,20,20,20,,,,,,,,,,,,,,,,,,,,,,,,,,,,,,,,,,,,,,,,,,,,,,,,
PV2015_1016_14A0808,143987,0.500000,Transmission,Mk10,Percent,00:00:00 21-Nov-2015,3.000000,2,,,,,24,,20,20,20,20,20,10,3,3,10,10,10,10,10,10,10,10,10,10,50,100,98,98,98,90,,,,,,,,,,,,,,,,,,,,,,,,,,,,,,,,,,,,,,,,,,,,,,,,
PV2015_1016_14A0808,143987,0.500000,Transmission,Mk10,Percent,00:00:00 22-Nov-2015,3.000000,3,,,,,24,,80,10,10,10,10,20,10,10,10,30,30,10,10,10,10,10,10,10,3,10,10,10,10,10,,,,,,,,,,,,,,,,,,,,,,,,,,,,,,,,,,,,,,,,,,,,,,,,
PV2015_1016_14A0808,143987,0.500000,Transmission,Mk10,Percent,00:00:00 23-Nov-2015,3.000000,5,,,,,24,,10,10,10,10,10,10,10,10,10,10,10,10,10,10,10,3,10,10,10,10,10,10,10,10,,,,,,,,,,,,,,,,,,,,,,,,,,,,,,,,,,,,,,,,,,,,,,,,
PV2015_1016_14A0808,143987,0.500000,Transmission,Mk10,Percent,00:00:00 24-Nov-2015,3.000000,3,,,,,24,,10,10,10,10,10,10,10,10,10,10,10,10,10,10,10,3,10,10,20,20,10,10,10,10,,,,,,,,,,,,,,,,,,,,,,,,,,,,,,,,,,,,,,,,,,,,,,,,
PV2015_1016_14A0808,143987,0.500000,Transmission,Mk10,Percent,00:00:00 25-Nov-2015,3.000000,4,,,,,24,,20,3,3,3,10,10,10,10,3,10,20,10,10,10,10,10,10,10,10,10,10,10,10,10,,,,,,,,,,,,,,,,,,,,,,,,,,,,,,,,,,,,,,,,,,,,,,,,
PV2015_1016_14A0808,143987,0.500000,Transmission,Mk10,Percent,00:00:00 26-Nov-2015,3.000000,2,,,,,24,,20,20,20,20,10,3,10,3,3,3,10,10,10,10,10,10,20,10,10,10,10,3,10,10,,,,,,,,,,,,,,,,,,,,,,,,,,,,,,,,,,,,,,,,,,,,,,,,
PV2015_1016_14A0808,143987,0.500000,Transmission,Mk10,Percent,00:00:00 27-Nov-2015,3.000000,2,,,,,24,,10,10,10,10,3,10,10,3,10,10,10,10,10,10,10,20,20,10,10,20,20,20,20,10,,,,,,,,,,,,,,,,,,,,,,,,,,,,,,,,,,,,,,,,,,,,,,,,
PV2015_1016_14A0808,143987,0.500000,Transmission,Mk10,Percent,00:00:00 28-Nov-2015,3.000000,5,,,,,24,,10,10,10,10,3,3,10,10,10,10,10,3,10,10,10,10,20,10,10,20,10,20,20,10,,,,,,,,,,,,,,,,,,,,,,,,,,,,,,,,,,,,,,,,,,,,,,,,
PV2015_1016_14A0808,143987,0.500000,Transmission,Mk10,Percent,00:00:00 29-Nov-2015,3.000000,2,,,,,24,,10,3,10,10,3,3,3,3,3,3,10,3,3,10,10,10,20,20,10,10,10,10,10,10,,,,,,,,,,,,,,,,,,,,,,,,,,,,,,,,,,,,,,,,,,,,,,,,
PV2015_1016_14A0808,143987,0.500000,Transmission,Mk10,Percent,00:00:00 30-Nov-2015,3.000000,3,,,,,24,,10,10,10,10,80,100,100,100,100,100,100,100,100,100,100,100,100,100,100,90,10,10,10,10,,,,,,,,,,,,,,,,,,,,,,,,,,,,,,,,,,,,,,,,,,,,,,,,
PV2015_1016_14A0808,143987,0.500000,Transmission,Mk10,Percent,00:00:00 01-Dec-2015,3.000000,6,,,,,24,,10,10,10,10,10,3,3,10,3,10,3,3,3,3,10,10,10,20,10,20,20,10,20,10,,,,,,,,,,,,,,,,,,,,,,,,,,,,,,,,,,,,,,,,,,,,,,,,
PV2015_1016_14A0808,143987,0.500000,Transmission,Mk10,Percent,00:00:00 02-Dec-2015,3.000000,3,,,,,24,,20,20,20,10,3,10,3,3,10,3,10,3,3,10,10,10,20,40,98,100,90,10,30,10,,,,,,,,,,,,,,,,,,,,,,,,,,,,,,,,,,,,,,,,,,,,,,,,
PV2015_1016_14A0808,143987,0.500000,Transmission,Mk10,Percent,00:00:00 03-Dec-2015,3.000000,2,,,,,24,,10,10,10,10,10,3,10,3,3,10,3,3,10,10,10,10,3,3,10,30,100,100,100,100,,,,,,,,,,,,,,,,,,,,,,,,,,,,,,,,,,,,,,,,,,,,,,,,
PV2015_1016_14A0808,143987,0.500000,Transmission,Mk10,Percent,00:00:00 05-Dec-2015,3.000000,4,,,,,24,,10,10,10,10,10,10,10,3,10,10,20,20,20,10,10,20,80,100,100,100,100,100,100,100,,,,,,,,,,,,,,,,,,,,,,,,,,,,,,,,,,,,,,,,,,,,,,,,
PV2015_1016_14A0808,143987,0.500000,Transmission,Mk10,Percent,00:00:00 06-Dec-2015,3.000000,3,,,,,24,,100,100,100,100,100,100,60,10,3,3,10,3,10,10,10,10,10,10,10,10,10,10,10,10,,,,,,,,,,,,,,,,,,,,,,,,,,,,,,,,,,,,,,,,,,,,,,,,
PV2015_1016_14A0808,143987,0.500000,Transmission,Mk10,Percent,00:00:00 07-Dec-2015,3.000000,3,,,,,24,,10,10,10,10,3,10,3,3,10,10,10,3,3,10,10,10,10,10,30,100,20,10,10,10,,,,,,,,,,,,,,,,,,,,,,,,,,,,,,,,,,,,,,,,,,,,,,,,
PV2015_1016_14A0808,143987,0.500000,Transmission,Mk10,Percent,00:00:00 08-Dec-2015,3.000000,2,,,,,24,,10,10,10,10,50,100,100,100,90,10,10,10,10,10,10,10,10,10,10,10,10,90,100,100,,,,,,,,,,,,,,,,,,,,,,,,,,,,,,,,,,,,,,,,,,,,,,,,
PV2015_1016_14A0808,143987,0.500000,Transmission,Mk10,Percent,00:00:00 09-Dec-2015,3.000000,3,,,,,24,,100,30,10,10,10,10,3,10,3,10,10,3,10,10,10,10,10,10,10,10,10,10,10,10,,,,,,,,,,,,,,,,,,,,,,,,,,,,,,,,,,,,,,,,,,,,,,,,
PV2015_1016_14A0808,143987,0.500000,Transmission,Mk10,Percent,00:00:00 10-Dec-2015,3.000000,6,,,,,24,,10,10,10,10,10,3,3,3,10,3,3,3,10,10,10,10,10,10,10,10,10,10,3,3,,,,,,,,,,,,,,,,,,,,,,,,,,,,,,,,,,,,,,,,,,,,,,,,
PV2015_1016_14A0808,143987,0.500000,Transmission,Mk10,Percent,00:00:00 11-Dec-2015,3.000000,1,,,,,24,,10,10,10,70,100,10,10,10,10,10,10,10,10,10,10,3,70,100,100,100,100,100,100,100,,,,,,,,,,,,,,,,,,,,,,,,,,,,,,,,,,,,,,,,,,,,,,,,
PV2015_1016_14A0808,143987,0.500000,Transmission,Mk10,Percent,00:00:00 12-Dec-2015,3.000000,3,,,,,24,,100,100,100,40,10,10,10,10,3,10,10,3,3,3,3,3,3,10,10,10,10,10,10,10,,,,,,,,,,,,,,,,,,,,,,,,,,,,,,,,,,,,,,,,,,,,,,,,
PV2015_1016_14A0808,143987,0.500000,Transmission,Mk10,Percent,00:00:00 13-Dec-2015,3.000000,3,,,,,24,,10,10,10,10,10,10,3,10,10,10,10,10,10,10,10,10,10,10,10,10,10,10,10,10,,,,,,,,,,,,,,,,,,,,,,,,,,,,,,,,,,,,,,,,,,,,,,,,
PV2015_1016_14A0808,143987,0.500000,Transmission,Mk10,Percent,00:00:00 14-Dec-2015,3.000000,4,,,,,24,,10,10,10,10,10,10,10,10,10,10,10,10,10,10,10,10,10,10,10,3,3,3,10,10,,,,,,,,,,,,,,,,,,,,,,,,,,,,,,,,,,,,,,,,,,,,,,,,
PV2015_1016_14A0808,143987,0.500000,Transmission,Mk10,Percent,00:00:00 15-Dec-2015,3.000000,4,,,,,24,,10,10,3,3,3,10,10,3,10,10,10,3,10,10,10,10,3,3,50,98,90,100,100,100,,,,,,,,,,,,,,,,,,,,,,,,,,,,,,,,,,,,,,,,,,,,,,,,
PV2015_1016_14A0808,143987,0.500000,Transmission,Mk10,Percent,00:00:00 16-Dec-2015,3.000000,2,,,,,24,,90,10,10,10,10,10,20,3,10,10,10,10,3,3,3,3,3,3,10,20,20,20,10,10,,,,,,,,,,,,,,,,,,,,,,,,,,,,,,,,,,,,,,,,,,,,,,,,
PV2015_1016_14A0808,143987,0.500000,Transmission,Mk10,Percent,00:00:00 17-Dec-2015,3.000000,3,,,,,24,,10,10,10,10,3,3,3,3,3,10,10,10,10,10,10,10,10,10,10,20,20,10,10,10,,,,,,,,,,,,,,,,,,,,,,,,,,,,,,,,,,,,,,,,,,,,,,,,
PV2015_1016_14A0808,143987,0.500000,Transmission,Mk10,Percent,00:00:00 18-Dec-2015,3.000000,3,,,,,24,,10,10,10,3,10,10,10,3,3,3,10,10,10,10,10,10,20,20,20,30,30,20,20,20,,,,,,,,,,,,,,,,,,,,,,,,,,,,,,,,,,,,,,,,,,,,,,,,
PV2015_1016_14A0808,143987,0.500000,Transmission,Mk10,Percent,00:00:00 19-Dec-2015,3.000000,2,,,,,24,,20,20,10,3,3,3,3,3,3,3,10,10,10,10,10,10,10,10,10,10,10,10,10,10,,,,,,,,,,,,,,,,,,,,,,,,,,,,,,,,,,,,,,,,,,,,,,,,
PV2015_1016_14A0808,143987,0.500000,Transmission,Mk10,Percent,00:00:00 20-Dec-2015,3.000000,1,,,,,24,,10,10,20,10,20,10,10,3,3,3,10,10,10,10,10,10,10,20,20,100,100,100,100,100,,,,,,,,,,,,,,,,,,,,,,,,,,,,,,,,,,,,,,,,,,,,,,,,
PV2015_1016_14A0808,143987,0.500000,Transmission,Mk10,Percent,00:00:00 21-Dec-2015,3.000000,2,,,,,24,,100,90,10,10,10,10,10,10,20,20,40,100,100,100,100,100,100,100,100,98,40,10,10,80,,,,,,,,,,,,,,,,,,,,,,,,,,,,,,,,,,,,,,,,,,,,,,,,
PV2015_1016_14A0808,143987,0.500000,Transmission,Mk10,Percent,00:00:00 22-Dec-2015,3.000000,1,,,,,24,,80,10,10,10,3,3,3,3,3,3,3,10,3,3,10,98,100,100,100,100,100,100,100,100,,,,,,,,,,,,,,,,,,,,,,,,,,,,,,,,,,,,,,,,,,,,,,,,
PV2015_1016_14A0808,143987,0.500000,Transmission,Mk10,Percent,00:00:00 25-Dec-2015,3.000000,2,,,,,24,,100,80,20,20,10,10,10,10,10,3,10,3,10,10,10,10,10,10,10,10,10,10,10,10,,,,,,,,,,,,,,,,,,,,,,,,,,,,,,,,,,,,,,,,,,,,,,,,
PV2015_1016_14A0808,143987,0.500000,Transmission,Mk10,Percent,00:00:00 26-Dec-2015,3.000000,1,,,,,24,,3,10,10,10,3,10,10,10,3,3,3,3,10,10,3,3,10,10,10,10,10,10,10,10,,,,,,,,,,,,,,,,,,,,,,,,,,,,,,,,,,,,,,,,,,,,,,,,
PV2015_1016_14A0808,143987,0.500000,Transmission,Mk10,Percent,00:00:00 27-Dec-2015,3.000000,2,,,,,24,,10,10,10,10,10,10,70,100,100,100,30,3,3,3,10,10,3,3,10,10,80,100,100,100,,,,,,,,,,,,,,,,,,,,,,,,,,,,,,,,,,,,,,,,,,,,,,,,
PV2015_1016_14A0808,143987,0.500000,Transmission,Mk10,Percent,00:00:00 28-Dec-2015,3.000000,1,,,,,24,,100,100,100,100,100,100,98,10,10,10,3,3,10,10,10,10,10,10,3,10,10,10,10,10,,,,,,,,,,,,,,,,,,,,,,,,,,,,,,,,,,,,,,,,,,,,,,,,
PV2015_1016_14A0808,143987,0.500000,Transmission,Mk10,Percent,00:00:00 29-Dec-2015,3.000000,4,,,,,24,,10,10,10,10,10,10,10,10,3,3,10,3,10,10,3,10,10,40,100,100,100,100,100,100,,,,,,,,,,,,,,,,,,,,,,,,,,,,,,,,,,,,,,,,,,,,,,,,
PV2015_1016_14A0808,143987,0.500000,Transmission,Mk10,Percent,00:00:00 30-Dec-2015,3.000000,3,,,,,24,,100,100,100,100,50,10,10,3,3,10,20,10,10,20,10,10,30,100,60,100,100,100,100,100,,,,,,,,,,,,,,,,,,,,,,,,,,,,,,,,,,,,,,,,,,,,,,,,
PV2015_1016_14A0808,143987,0.500000,Transmission,Mk10,Percent,00:00:00 31-Dec-2015,3.000000,2,,,,,24,,100,100,100,100,100,50,10,3,10,10,3,10,10,10,10,10,10,3,10,10,10,10,10,10,,,,,,,,,,,,,,,,,,,,,,,,,,,,,,,,,,,,,,,,,,,,,,,,
PV2015_1016_14A0808,143987,0.500000,Transmission,Mk10,Percent,00:00:00 01-Jan-2016,3.000000,3,,,,,24,,10,10,10,10,10,10,10,3,3,3,10,10,10,10,10,10,10,10,10,10,10,10,10,10,,,,,,,,,,,,,,,,,,,,,,,,,,,,,,,,,,,,,,,,,,,,,,,,
PV2015_1016_14A0808,143987,0.500000,Transmission,Mk10,Percent,00:00:00 02-Jan-2016,3.000000,4,,,,,24,,10,10,10,10,10,10,10,10,10,3,10,3,10,10,10,10,10,10,10,10,10,10,10,10,,,,,,,,,,,,,,,,,,,,,,,,,,,,,,,,,,,,,,,,,,,,,,,,
PV2015_1016_14A0808,143987,0.500000,Transmission,Mk10,Percent,00:00:00 03-Jan-2016,3.000000,3,,,,,24,,10,30,10,10,10,3,20,90,30,3,10,10,10,10,10,10,10,10,10,10,20,98,100,100,,,,,,,,,,,,,,,,,,,,,,,,,,,,,,,,,,,,,,,,,,,,,,,,
PV2015_1016_14A0808,143987,0.500000,Transmission,Mk10,Percent,00:00:00 04-Jan-2016,3.000000,2,,,,,24,,100,100,100,100,90,3,10,10,3,3,3,10,10,10,10,10,10,10,3,10,10,10,10,10,,,,,,,,,,,,,,,,,,,,,,,,,,,,,,,,,,,,,,,,,,,,,,,,
PV2015_1016_14A0808,143987,0.500000,Transmission,Mk10,Percent,00:00:00 05-Jan-2016,3.000000,4,,,,,24,,10,10,10,10,10,10,3,3,10,10,10,10,10,10,10,10,10,10,20,80,100,100,100,100,,,,,,,,,,,,,,,,,,,,,,,,,,,,,,,,,,,,,,,,,,,,,,,,
PV2015_1016_14A0808,143987,0.500000,Transmission,Mk10,Percent,00:00:00 06-Jan-2016,3.000000,3,,,,,24,,100,100,100,70,10,10,10,10,10,3,3,10,10,10,10,10,10,10,10,20,20,20,20,40,,,,,,,,,,,,,,,,,,,,,,,,,,,,,,,,,,,,,,,,,,,,,,,,
PV2015_1016_14A0808,143987,0.500000,Transmission,Mk10,Percent,00:00:00 07-Jan-2016,3.000000,2,,,,,24,,20,20,20,10,10,10,10,3,3,10,10,10,10,10,3,10,10,10,30,50,100,100,100,100,,,,,,,,,,,,,,,,,,,,,,,,,,,,,,,,,,,,,,,,,,,,,,,,
PV2015_1016_14A0808,143987,0.500000,Transmission,Mk10,Percent,00:00:00 08-Jan-2016,3.000000,2,,,,,24,,100,100,100,100,80,10,10,10,10,10,10,10,10,10,10,10,20,10,10,10,20,10,10,10,,,,,,,,,,,,,,,,,,,,,,,,,,,,,,,,,,,,,,,,,,,,,,,,
PV2015_1016_14A0808,143987,0.500000,Transmission,Mk10,Percent,00:00:00 09-Jan-2016,3.000000,5,,,,,24,,10,10,10,10,10,10,10,10,10,10,10,10,10,10,10,10,10,10,10,10,20,10,20,20,,,,,,,,,,,,,,,,,,,,,,,,,,,,,,,,,,,,,,,,,,,,,,,,
PV2015_1016_14A0808,143987,0.500000,Transmission,Mk10,Percent,00:00:00 11-Jan-2016,3.000000,6,,,,,24,,98,10,3,10,10,10,10,10,3,3,10,10,10,10,10,10,10,10,10,10,10,30,100,100,,,,,,,,,,,,,,,,,,,,,,,,,,,,,,,,,,,,,,,,,,,,,,,,
PV2015_1016_14A0808,143987,0.500000,Transmission,Mk10,Percent,00:00:00 12-Jan-2016,3.000000,1,,,,,24,,100,100,90,3,10,3,10,10,10,10,10,10,10,10,10,3,10,10,10,10,10,10,10,10,,,,,,,,,,,,,,,,,,,,,,,,,,,,,,,,,,,,,,,,,,,,,,,,
PV2015_1016_14A0808,143987,0.500000,Transmission,Mk10,Percent,00:00:00 13-Jan-2016,3.000000,2,,,,,24,,10,10,10,10,10,10,3,10,10,10,10,10,10,10,10,10,10,10,10,10,10,10,10,10,,,,,,,,,,,,,,,,,,,,,,,,,,,,,,,,,,,,,,,,,,,,,,,,
PV2015_1016_14A0808,143987,0.500000,Transmission,Mk10,Percent,00:00:00 14-Jan-2016,4.000000,3,,,,,24,,10,10,10,10,10,10,10,10,10,10,10,10,10,10,10,10,10,10,10,20,30,40,100,70,,,,,,,,,,,,,,,,,,,,,,,,,,,,,,,,,,,,,,,,,,,,,,,,
PV2015_1016_14A0808,143987,0.500000,Transmission,Mk10,Percent,00:00:00 15-Jan-2016,4.000000,3,,,,,24,,20,20,20,20,20,10,10,3,10,10,10,10,10,10,10,10,10,10,10,10,10,20,20,10,,,,,,,,,,,,,,,,,,,,,,,,,,,,,,,,,,,,,,,,,,,,,,,,
PV2015_1016_14A0808,143987,0.500000,Transmission,Mk10,Percent,00:00:00 16-Jan-2016,4.000000,3,,,,,24,,20,10,10,20,10,10,10,10,10,10,10,10,10,10,10,10,3,10,10,10,10,10,10,10,,,,,,,,,,,,,,,,,,,,,,,,,,,,,,,,,,,,,,,,,,,,,,,,
PV2015_1016_14A0808,143987,0.500000,Transmission,Mk10,Percent,00:00:00 17-Jan-2016,4.000000,10,,,,,24,,10,10,10,10,10,3,10,10,10,10,10,10,10,10,10,10,10,10,10,20,20,20,10,10,,,,,,,,,,,,,,,,,,,,,,,,,,,,,,,,,,,,,,,,,,,,,,,,
PV2015_1016_14A0808,143987,0.500000,Transmission,Mk10,Percent,00:00:00 19-Jan-2016,4.000000,2,,,,,24,,10,10,10,50,90,10,10,3,3,10,10,3,10,10,10,10,10,10,10,10,60,100,98,98,,,,,,,,,,,,,,,,,,,,,,,,,,,,,,,,,,,,,,,,,,,,,,,,
PV2015_1016_14A0808,143987,0.500000,Transmission,Mk10,Percent,00:00:00 20-Jan-2016,4.000000,2,,,,,24,,90,10,10,10,10,10,10,10,10,3,10,10,10,10,10,10,10,10,10,10,20,10,10,10,,,,,,,,,,,,,,,,,,,,,,,,,,,,,,,,,,,,,,,,,,,,,,,,
PV2015_1016_14A0808,143987,0.500000,Transmission,Mk10,Percent,00:00:00 21-Jan-2016,4.000000,4,,,,,24,,10,10,10,10,10,10,10,3,10,10,10,10,10,10,10,10,10,10,10,10,80,100,100,100,,,,,,,,,,,,,,,,,,,,,,,,,,,,,,,,,,,,,,,,,,,,,,,,
PV2015_1016_14A0808,143987,0.500000,Transmission,Mk10,Percent,00:00:00 22-Jan-2016,4.000000,1,,,,,24,,100,100,100,100,100,100,100,100,100,100,100,100,100,40,10,10,10,10,10,3,10,10,60,10,,,,,,,,,,,,,,,,,,,,,,,,,,,,,,,,,,,,,,,,,,,,,,,,
PV2015_1016_14A0808,143987,0.500000,Transmission,Mk10,Percent,00:00:00 23-Jan-2016,4.000000,5,,,,,24,,10,10,10,10,10,10,10,10,10,10,10,10,10,3,10,10,10,10,10,60,100,100,80,20,,,,,,,,,,,,,,,,,,,,,,,,,,,,,,,,,,,,,,,,,,,,,,,,
PV2015_1016_14A0808,143987,0.500000,Transmission,Mk10,Percent,00:00:00 24-Jan-2016,4.000000,1,,,,,24,,10,10,10,10,10,10,20,20,10,20,10,10,10,10,10,10,10,10,10,10,10,10,10,10,,,,,,,,,,,,,,,,,,,,,,,,,,,,,,,,,,,,,,,,,,,,,,,,
PV2015_1016_14A0808,143987,0.500000,Transmission,Mk10,Percent,00:00:00 25-Jan-2016,4.000000,1,,,,,24,,10,10,10,10,10,10,3,10,10,10,10,10,10,10,10,10,10,10,10,10,10,10,10,10,,,,,,,,,,,,,,,,,,,,,,,,,,,,,,,,,,,,,,,,,,,,,,,,
PV2015_1016_14A0808,143987,0.500000,Transmission,Mk10,Percent,00:00:00 26-Jan-2016,4.000000,2,,,,,24,,10,10,10,10,10,3,10,10,10,10,10,10,10,10,10,3,10,3,20,20,20,20,20,10,,,,,,,,,,,,,,,,,,,,,,,,,,,,,,,,,,,,,,,,,,,,,,,,
PV2015_1016_14A0808,143987,0.500000,Transmission,Mk10,Percent,00:00:00 27-Jan-2016,4.000000,4,,,,,24,,10,10,10,10,10,10,10,10,3,3,10,10,10,10,10,10,10,10,10,30,98,100,100,100,,,,,,,,,,,,,,,,,,,,,,,,,,,,,,,,,,,,,,,,,,,,,,,,
PV2015_1016_14A0808,143987,0.500000,Transmission,Mk10,Percent,00:00:00 28-Jan-2016,4.000000,7,,,,,24,,100,100,100,100,100,100,80,10,10,10,10,10,10,10,10,10,10,10,10,10,10,10,10,10,,,,,,,,,,,,,,,,,,,,,,,,,,,,,,,,,,,,,,,,,,,,,,,,
PV2015_1016_14A0808,143987,0.500000,Transmission,Mk10,Percent,00:00:00 29-Jan-2016,4.000000,3,,,,,24,,10,10,10,10,10,10,10,10,10,10,10,10,10,10,10,3,10,10,30,100,100,20,10,10,,,,,,,,,,,,,,,,,,,,,,,,,,,,,,,,,,,,,,,,,,,,,,,,
PV2015_1016_14A0808,143987,0.500000,Transmission,Mk10,Percent,00:00:00 30-Jan-2016,4.000000,7,,,,,24,,20,10,10,10,10,10,3,10,10,10,10,10,10,10,10,10,10,20,20,20,80,100,100,100,,,,,,,,,,,,,,,,,,,,,,,,,,,,,,,,,,,,,,,,,,,,,,,,
PV2015_1016_14A0808,143987,0.500000,Transmission,Mk10,Percent,00:00:00 31-Jan-2016,4.000000,3,,,,,24,,100,80,20,20,20,10,10,10,10,10,10,10,10,10,10,10,10,10,10,20,98,100,100,100,,,,,,,,,,,,,,,,,,,,,,,,,,,,,,,,,,,,,,,,,,,,,,,,
PV2015_1016_14A0808,143987,0.500000,Transmission,Mk10,Percent,00:00:00 01-Feb-2016,4.000000,4,,,,,24,,100,100,100,80,10,10,10,10,10,10,10,10,10,10,10,10,10,20,50,100,100,100,100,100,,,,,,,,,,,,,,,,,,,,,,,,,,,,,,,,,,,,,,,,,,,,,,,,
PV2015_1016_14A0808,143987,0.500000,Transmission,Mk10,Percent,00:00:00 02-Feb-2016,4.000000,3,,,,,24,,100,100,100,20,10,10,10,10,10,10,10,10,10,10,10,10,3,10,10,10,10,10,10,3,,,,,,,,,,,,,,,,,,,,,,,,,,,,,,,,,,,,,,,,,,,,,,,,
PV2015_1016_14A0808,143987,0.500000,Transmission,Mk10,Percent,00:00:00 03-Feb-2016,4.000000,3,,,,,24,,10,10,10,10,10,10,10,10,10,10,10,10,10,10,10,10,10,10,20,10,10,10,10,3,,,,,,,,,,,,,,,,,,,,,,,,,,,,,,,,,,,,,,,,,,,,,,,,
PV2015_1016_14A0808,143987,0.500000,Transmission,Mk10,Percent,00:00:00 04-Feb-2016,4.000000,3,,,,,24,,10,10,10,10,10,3,3,10,10,10,10,10,10,10,10,10,10,10,10,10,10,10,10,10,,,,,,,,,,,,,,,,,,,,,,,,,,,,,,,,,,,,,,,,,,,,,,,,
PV2015_1016_14A0808,143987,0.500000,Transmission,Mk10,Percent,00:00:00 06-Feb-2016,4.000000,5,,,,,24,,100,100,100,100,100,100,100,30,10,10,10,10,10,10,10,10,10,10,10,10,10,10,10,10,,,,,,,,,,,,,,,,,,,,,,,,,,,,,,,,,,,,,,,,,,,,,,,,
PV2015_1016_14A0808,143987,0.500000,Transmission,Mk10,Percent,00:00:00 07-Feb-2016,4.000000,1,,,,,24,,10,10,10,10,10,10,10,10,10,20,10,10,10,10,10,10,20,20,80,100,30,10,10,10,,,,,,,,,,,,,,,,,,,,,,,,,,,,,,,,,,,,,,,,,,,,,,,,
PV2015_1016_14A0808,143987,0.500000,Transmission,Mk10,Percent,00:00:00 08-Feb-2016,4.000000,2,,,,,24,,10,10,10,10,10,10,10,10,10,10,10,10,10,10,10,10,10,20,100,20,10,10,3,10,,,,,,,,,,,,,,,,,,,,,,,,,,,,,,,,,,,,,,,,,,,,,,,,
PV2015_1016_14A0808,143987,0.500000,Transmission,Mk10,Percent,00:00:00 09-Feb-2016,4.000000,6,,,,,24,,10,3,10,10,10,10,10,10,3,3,10,10,10,10,10,10,10,10,10,10,10,10,10,10,,,,,,,,,,,,,,,,,,,,,,,,,,,,,,,,,,,,,,,,,,,,,,,,
PV2015_1016_14A0808,143987,0.500000,Transmission,Mk10,Percent,00:00:00 10-Feb-2016,4.000000,3,,,,,24,,10,10,10,10,10,80,90,10,10,10,10,10,10,10,10,10,10,10,90,100,100,100,100,100,,,,,,,,,,,,,,,,,,,,,,,,,,,,,,,,,,,,,,,,,,,,,,,,
PV2015_1016_14A0808,143987,0.500000,Transmission,Mk10,Percent,00:00:00 11-Feb-2016,4.000000,3,,,,,24,,60,10,10,10,10,10,10,10,10,10,10,20,20,10,10,10,10,40,100,100,100,100,100,100,,,,,,,,,,,,,,,,,,,,,,,,,,,,,,,,,,,,,,,,,,,,,,,,
PV2015_1016_14A0808,143987,0.500000,Transmission,Mk10,Percent,00:00:00 12-Feb-2016,4.000000,2,,,,,24,,100,100,100,100,40,10,3,10,10,10,10,10,10,10,10,10,10,10,10,20,30,100,100,100,,,,,,,,,,,,,,,,,,,,,,,,,,,,,,,,,,,,,,,,,,,,,,,,
PV2015_1016_14A0808,143987,0.500000,Transmission,Mk10,Percent,00:00:00 13-Feb-2016,4.000000,5,,,,,24,,100,100,100,100,98,20,10,10,3,3,10,10,10,10,10,10,10,10,10,10,10,10,10,10,,,,,,,,,,,,,,,,,,,,,,,,,,,,,,,,,,,,,,,,,,,,,,,,
PV2015_1016_14A0808,143987,0.500000,Transmission,Mk10,Percent,00:00:00 14-Feb-2016,4.000000,2,,,,,24,,10,10,10,10,10,10,3,10,10,10,20,100,100,100,100,20,10,10,20,80,100,100,98,98,,,,,,,,,,,,,,,,,,,,,,,,,,,,,,,,,,,,,,,,,,,,,,,,
PV2015_1016_14A0808,143987,0.500000,Transmission,Mk10,Percent,00:00:00 15-Feb-2016,4.000000,5,,,,,24,,100,98,98,98,10,10,10,10,3,3,10,10,10,10,3,3,10,10,10,10,10,10,10,20,,,,,,,,,,,,,,,,,,,,,,,,,,,,,,,,,,,,,,,,,,,,,,,,
PV2015_1016_14A0808,143987,0.500000,Transmission,Mk10,Percent,00:00:00 16-Feb-2016,4.000000,3,,,,,24,,20,50,20,10,10,10,10,10,10,10,10,10,10,10,10,3,3,3,10,20,20,10,10,10,,,,,,,,,,,,,,,,,,,,,,,,,,,,,,,,,,,,,,,,,,,,,,,,
PV2015_1016_14A0808,143987,0.500000,Transmission,Mk10,Percent,00:00:00 18-Feb-2016,4.000000,1,,,,,24,,10,10,10,20,20,20,10,20,3,3,3,3,10,10,10,10,10,10,10,10,3,10,20,10,,,,,,,,,,,,,,,,,,,,,,,,,,,,,,,,,,,,,,,,,,,,,,,,
